Previous Order,Pricing,Rating,Best Place,Most Desired
BreadFast,Fairly Priced,5,BreadFast,Fati's
Crème ,Over Priced,5,Crème ,BreadFast
Sale Sucre,Fairly Priced,5,BreadFast,Voila
Fati's,Fairly Priced,3,BreadFast,NudeBakery
Tseppas,Over Priced,4,Tseppas,Fati's
Blabn ,Fairly Priced,5,Tseppas,Fati's
Sultana,Fairly Priced,5,Sultana,NudeBakery
Tseppas,Fairly Priced,5,Tseppas,BreadFast
BreadFast,Fairly Priced,5,BreadFast,Ara
Sultana,Over Priced,2,NudeBakery,NudeBakery
BreadFast,Fairly Priced,5,BreadFast,Sultana
BreadFast,Fairly Priced,5,BreadFast,Fati's
BreadFast,Over Priced,4,BreadFast,Blabn
Étoile ,Under Priced,3,Thomas,Blabn
Fati's,Over Priced,4,BreadFast,NudeBakery
Sultana,Over Priced,3,Blabn,Fati's
Sultana,Fairly Priced,4,Sultana,NudeBakery
Tseppas,Fairly Priced,5,Etoile ,Sultana
BreadFast,Over Priced,4,Domiaty,Blabn
Blabn,Fairly Priced,4,Blabn,BreadFast
Tortina,Over Priced,3,Sultana,NudeBakery
Sedra,Fairly Priced,5,Sedra,NudeBakery
Blabn,Over Priced,4,Blabn,Fati's
BreadFast,Fairly Priced,4,Tortina,Sultana
Étoile ,Fairly Priced,5,Fati's,BreadFast
Tseppas,Over Priced,5,Tseppas,BreadFast
Tseppas,Fairly Priced,4,Tseppas,Tseppas
Mandarine koueider,Fairly Priced,5,Mandarine koueider,NudeBakery
Tseppas,Fairly Priced,3,Tseppas,Tseppas
Elabd,Fairly Priced,5,Exception,NudeBakery
BreadFast,Fairly Priced,4,BreadFast,Sultana
Blabn,Fairly Priced,4,Blabn,Fati's
NudeBakery,Fairly Priced,5,Sultana,Ara
Blabn,Over Priced,4,Sultana,NudeBakery
NudeBakery,Over Priced,5,BreadFast,BreadFast
Blabn,Fairly Priced,5,Sultana,BreadFast
BreadFast,Fairly Priced,5,BreadFast,Sultana
Blabn,Fairly Priced,5,Blabn,BreadFast
Tseppas,Over Priced,2,Blabn,Blabn
Sultana,Fairly Priced,4,Kouidar,NudeBakery
Blabn,Fairly Priced,5,Blabn,Fati's
Blabn,Fairly Priced,3,Sultana,NudeBakery
Tortina,Fairly Priced,3,BreadFast,Fati's
Blabn,Fairly Priced,5,Tseppas,NudeBakery
Voila,Fairly Priced,5,Voila,BreadFast
Blabn,Fairly Priced,3,BreadFast,Ara
Blabn,Fairly Priced,5,Blabn,NudeBakery
Tseppas,Fairly Priced,5,NudeBakery,Fati's
Sultana,Over Priced,1,Tseppas,Tortina
Tseppas,Fairly Priced,4,,NudeBakery
BreadFast,Over Priced,3,BreadFast,Fati's
Sale Sucre,Fairly Priced,4,Tseppas,Nola cupcakes 
BreadFast,Over Priced,2,BreadFast,Tortina
Tseppas,Over Priced,3,Sultana,Sultana
Blabn,Fairly Priced,4,Blabn,Fati's
Tseppas,Fairly Priced,3,Blabn,NudeBakery
